{"ts":1775831173,"horizon_sec":3600,"n_samples":42,"predictions":[{"metric":"ram_total","current":17965.130582847716,"predicted":18334.023761668806,"trend":"rising","slope":0.0064343846813916,"confidence":0.0},{"metric":"cpu_total","current":275.97229775456134,"predicted":323.1903263797633,"trend":"stable","slope":0.00030960837138573717,"confidence":0.0},{"metric":"margin","current":8047.947466883943,"predicted":-32632.105487507397,"trend":"falling","slope":-0.8861394055738657}]}
