{"l5c":[0.167337,0.226299,0.162019,0.100231,0.094296,0.516404],"l6e":[0.430590,0.438211,0.368796,0.425628,0.309451,0.238337]}
