{
  "active": true,
  "pid": null,
  "last_scan": "2026-04-10T00:00:00Z",
  "vitals": {
    "ts": 1775850019,
    "ring_ready": 1,
    "ring_n": 28,
    "axes_used": 6,
    "tau": 5,
    "l5c_nmi": 0.211098,
    "l6e_score": 0.368502,
    "per_axis": {
      "v1": {
        "l5c": 0.167337,
        "l6e": 0.43059
      },
      "v2": {
        "l5c": 0.226299,
        "l6e": 0.438211
      },
      "v3": {
        "l5c": 0.162019,
        "l6e": 0.368796
      },
      "v4": {
        "l5c": 0.100231,
        "l6e": 0.425628
      },
      "v5": {
        "l5c": 0.094296,
        "l6e": 0.309451
      },
      "v6": {
        "l5c": 0.516404,
        "l6e": 0.238337
      }
    }
  },
  "predictions": [],
  "cascade_confidence": 0.3952
}